Resume,Best Matching Job,Similarity Score
Resume 1,Job 1,0.43412840364029837
Resume 2,Job 2,0.5717040061914131
Resume 3,Job 3,0.44823970582748257
